# company_name, crawler_url
'株式会社関東ビューティサービス', 'https://toranet.jp/salon_p/jb_1901/ped_01/la_10/46780672/'
'株式会社ブリリアント', 'https://toranet.jp/beauty_p/jb_1913/ped_01/la_10/46719208/'
'株式会社 Neolive', 'https://toranet.jp/beauty_p/jb_1913/ped_01/la_12/46725149/'
'ＶＩＤＡ合同会社', 'https://toranet.jp/salon_p/jb_1903/ped_01/la_12/46787662/'
'株式会社オムニ', 'https://toranet.jp/beauty_p/jb_1913/ped_01/la_10/46714176/'
'株式会社そわか', 'https://toranet.jp/salon_p/jb_1901/ped_01/la_14/46752584/'
'株式会社総合スター 美容部門', 'https://toranet.jp/beauty_p/jb_1913/ped_01/la_10/46699670/'
'CLAILSALON LIR(クレールサロン リル)', 'https://toranet.jp/beauty_p/jb_1907/ped_01/la_14/46784274/'
'ＴwinkleＢeauty(トゥインクルビューティー)', 'https://toranet.jp/beauty_p/jb_1913/ped_01/la_13/46521385/'
'GRACIA【株式会社Be.RMY(ビー･ラミィ)】', 'https://toranet.jp/beauty_p/jb_1907/ped_01/la_10/46919343/'
'hair＆nail　lead　(リード)', 'https://toranet.jp/beauty_p/jb_1913/ped_01/la_10/46551813/'
'株式会社メイシー', 'https://toranet.jp/beauty_p/jb_1913/ped_01/la_14/46349517/'
'AOE株式会社', 'https://toranet.jp/beauty_p/jb_1913/ped_01/la_10/46271192/'
'有限会社セレスト　[eco\'s cut(エコズカット)]', 'https://toranet.jp/salon_p/jb_1901/ped_01/la_10/46794755/'
'株式会社アートネイチャー', 'https://toranet.jp/salon_p/jb_1901/ped_01/la_10/46748084/'
'ディチャーム株式会社', 'https://toranet.jp/salon_p/jb_1901/ped_01/la_14/46786752/'
'写真館ピノキオ', 'https://toranet.jp/salon_p/jb_1905/ped_01/la_10/46789680/'
'スパイスモード株式会社(SPICE MODE)', 'https://toranet.jp/salon_p/jb_1903/ped_01/la_11/46444744/'
'キュービーネットホールディングス株式会社', 'https://toranet.jp/salon_p/jb_1901/ped_01/la_10/46456994/'
'スパイスモード株式会社', 'https://toranet.jp/salon_p/jb_1901/ped_01/la_10/46735375/'
'株式会社毛髪クリニック　リーブ21', 'https://toranet.jp/salon_p/jb_1906/ped_01/la_14/46810945/'
'学校法人　三幸学園', 'https://toranet.jp/salon_p/jb_1906/ped_01/la_13/46442117/'
'株式会社ＤＯＲＡＣＯ', 'https://toranet.jp/salon_p/jb_1901/ped_01/la_11/46897009/'
'株式会社グローウィング', 'https://toranet.jp/salon_p/jb_1901/ped_01/la_10/46722645/'
'Cut Line（カットライン）', 'https://toranet.jp/salon_p/jb_1902/ped_01/la_12/46780280/'
'株式会社Dwell(デュエル)', 'https://toranet.jp/salon_p/jb_1905/ped_01/la_14/46665892/'
'株式会社アウローラ', 'https://toranet.jp/salon_p/jb_1901/ped_01/la_14/46543568/'
'株式会社オータニコーポレーション', 'https://toranet.jp/salon_p/jb_1901/ped_01/la_10/46803444/'
'株式会社スリーエヌ', 'https://toranet.jp/salon_p/jb_1902/ped_01/la_10/46472039/'
'株式会社amis', 'https://toranet.jp/salon_p/jb_1902/ped_01/la_10/46742791/'
'美容室ハッピー　常盤平店', 'https://toranet.jp/salon_p/jb_1905/ped_01/la_14/46680855/'
'有限会社ボックスクラブ', 'https://toranet.jp/salon_p/jb_1901/ped_01/la_10/46795596/'
'株式会社東京天竜', 'https://toranet.jp/salon_p/jb_1902/ped_01/la_14/46920500/'
'ケアパートナー株式会社', 'https://toranet.jp/care_p/jb_1602/ped_01/la_12/46679867/'
'株式会社　ナチュラル', 'https://toranet.jp/care_p/jb_1602/ped_01/la_11/46874111/'
'株式会社　ナチュラル', 'https://toranet.jp/care_p/jb_1602/ped_01/la_11/46717440/'
'株式会社セントメディア', 'https://toranet.jp/care_p/jb_2022/ped_01/la_13/46686780/'
'医療法人社団　大坪会　北多摩病院', 'https://toranet.jp/care_p/jb_2022/ped_01/la_11/46817870/'
'株式会社セントメディア', 'https://toranet.jp/care_p/jb_2022/ped_01/la_12/46806545/'
'株式会社　ナチュラル', 'https://toranet.jp/care_p/jb_1602/ped_01/la_11/46740568/'
'学校法人健友学園　足立つくし幼稚園', 'https://toranet.jp/care_p/jb_1602/ped_01/la_10/46239928/'
'ママズ株式会社', 'https://toranet.jp/care_p/jb_2020/ped_01/la_10/46790032/'
'社会福祉法人　明王会', 'https://toranet.jp/care_p/jb_1602/ped_01/la_11/46727795/'
'株式会社ディアローグ', 'https://toranet.jp/care_p/jb_1602/ped_01/la_10/46601547/'
'グループホーム希望（のぞみ）', 'https://toranet.jp/care_p/jb_2025/ped_01/la_12/46674791/'
'株式会社やさしい手', 'https://toranet.jp/care_p/jb_2025/ped_01/la_12/46811774/'
'株式会社オリーブスパ', 'https://toranet.jp/beauty_p/jb_1909/ped_01/la_10/46581928/'
'株式会社メディビューティー', 'https://toranet.jp/beauty_p/jb_1908/ped_01/la_10/46761774/'
'株式会社ジェイファムコーポレーション', 'https://toranet.jp/beauty_p/jb_1908/ped_01/la_10/46161887/'
'株式会社ビューティースリー', 'https://toranet.jp/beauty_p/jb_1908/ped_01/la_10/46899794/'
'全国42店舗の脱毛サロン【ラ･ヴォーグ】', 'https://toranet.jp/beauty_p/jb_1908/ped_01/la_10/46813562/'
'株式会社セドナエンタープライズ', 'https://toranet.jp/beauty_p/jb_1908/ped_01/la_13/46835713/'
'アリシアクリニック', 'https://toranet.jp/office_p/jb_1002/ped_01/la_10/46846113/'
'株式会社 神美(Ｓhinbi)', 'https://toranet.jp/beauty_p/jb_1908/ped_01/la_10/46723758/'
'株式会社Passion', 'https://toranet.jp/beauty_p/jb_1908/ped_01/la_10/46813688/'
'株式会社グラツィア', 'https://toranet.jp/beauty_p/jb_1908/ped_01/la_10/46717499/'
'表参道スキンクリニック', 'https://toranet.jp/beauty_p/jb_1908/ped_01/la_10/46788587/'
'株式会社ヴィエリス', 'https://toranet.jp/beauty_p/jb_1908/ped_01/la_10/46782051/'
'全国42店舗の脱毛サロン【ラ･ヴォーグ】', 'https://toranet.jp/beauty_p/jb_1908/ped_01/la_10/46813159/'
'株式会社ミュゼプラチナム', 'https://toranet.jp/beauty_p/jb_1908/ped_01/la_10/46794458/'
'株式会社若天', 'https://toranet.jp/beauty_p/jb_1909/ped_01/la_10/46815867/'
'株式会社DiANa', 'https://toranet.jp/beauty_p/jb_1908/ped_01/la_10/46697557/'
'株式会社セントロイスコーポレーション', 'https://toranet.jp/beauty_p/jb_1908/ped_01/la_14/46614494/'
'フットセラピー株式会社', 'https://toranet.jp/beauty_p/jb_1909/ped_01/la_10/46855232/'
'ＴＳＣホリスティック株式会社', 'https://toranet.jp/beauty_p/jb_1910/ped_01/la_14/46823298/'
'株式会社さくら', 'https://toranet.jp/beauty_p/jb_1908/ped_01/la_10/46927708/'
'株式会社リクルートスタッフィング', 'https://toranet.jp/office_p/jb_1001/ped_01/la_10/46894587/'
'ニッセイ･ビジネス･サービス株式会社', 'https://toranet.jp/office_p/jb_1001/ped_01/la_10/46829904/'
'テンプスタッフ株式会社', 'https://toranet.jp/office_p/jb_1001/ped_01/la_10/46813763/'
'株式会社スタッフサービス（リクルートグループ）', 'https://toranet.jp/office_p/jb_1001/ped_01/la_10/46788297/'
'株式会社リクルートスタッフィング', 'https://toranet.jp/office_p/jb_1001/ped_01/la_10/46784862/'
'三井住友海上火災保険株式会社', 'https://toranet.jp/office_p/jb_1001/ped_01/la_10/46841751/'
'UTグループ株式会社', 'https://toranet.jp/office_p/jb_1011/ped_01/la_10/46802587/'
'東京ガステレマーケティング株式会社', 'https://toranet.jp/office_p/jb_1001/ped_01/la_10/46805152/'
'株式会社リクルートスタッフィング', 'https://toranet.jp/office_p/jb_1001/ped_01/la_10/46895486/'
'株式会社スタッフサービス（リクルートグループ）', 'https://toranet.jp/office_p/jb_1001/ped_01/la_10/46809254/'
'第一生命保険株式会社', 'https://toranet.jp/office_p/jb_1001/ped_01/la_10/46826941/'
'テンプスタッフ株式会社', 'https://toranet.jp/office_p/jb_1001/ped_01/la_10/46733006/'
'ライフカード株式会社', 'https://toranet.jp/office_p/jb_1001/ped_01/la_12/46814476/'
'株式会社リクルーティングサービス', 'https://toranet.jp/office_p/jb_1003/ped_01/la_10/46897184/'
'株式会社サムシング', 'https://toranet.jp/office_p/jb_1001/ped_01/la_10/46579226/'
'株式会社ネオキャリア', 'https://toranet.jp/office_p/jb_1001/ped_01/la_10/46878269/'
'レナード株式会社', 'https://toranet.jp/office_p/jb_1005/ped_01/la_10/46882137/'
'株式会社メディアハウスホールディングス', 'https://toranet.jp/office_p/jb_1001/ped_01/la_10/46816446/'
'株式会社アイビーエフ', 'https://toranet.jp/salon_p/jb_1901/ped_01/la_14/46588286/'
'株式会社 杉本', 'https://toranet.jp/salon_p/jb_1902/ped_01/la_11/46783408/'
'株式会社ソーレ', 'https://toranet.jp/salon_p/jb_1901/ped_01/la_10/46686823/'
'ピアスグループ（統括会社：ピアス株式会社）', 'https://toranet.jp/salon_p/jb_1905/ped_01/la_12/46818107/'
'クロリス', 'https://toranet.jp/salon_p/jb_1901/ped_01/la_10/46785450/'
'Ｌouvre', 'https://toranet.jp/salon_p/jb_1902/ped_01/la_10/46160915/'
'株式会社デュエット', 'https://toranet.jp/salon_p/jb_1901/ped_01/la_13/46808254/'
'株式会社東京美容研究所', 'https://toranet.jp/salon_p/jb_1903/ped_01/la_12/46780218/'
'株式会社アヴァンティ', 'https://toranet.jp/salon_p/jb_1901/ped_01/la_10/46731624/'
'株式会社Lamp', 'https://toranet.jp/salon_p/jb_1901/ped_01/la_13/46783739/'
'有限会社　AIRS\'', 'https://toranet.jp/salon_p/jb_1901/ped_01/la_10/46796280/'
'株式会社ジャンプ企画', 'https://toranet.jp/salon_p/jb_1905/ped_01/la_14/46715387/'
'株式会社ヒストリックシザーズ', 'https://toranet.jp/salon_p/jb_1901/ped_01/la_10/46904715/'
'株式会社　Ｆａｓｔ　Ｂｅａｕｔｙ', 'https://toranet.jp/salon_p/jb_1901/ped_01/la_10/46819168/'
'株式会社ＰＲＩＥＲ', 'https://toranet.jp/salon_p/jb_1902/ped_01/la_11/46698449/'
'株式会社　cues', 'https://toranet.jp/salon_p/jb_1905/ped_01/la_10/46003370/'
'株式会社サンケイビルウェルケア', 'https://toranet.jp/care_p/jb_2020/ped_01/la_13/46776781/'
'社会福祉法人　青藍会　はあと保育園成城', 'https://toranet.jp/care_p/jb_1602/ped_01/la_10/46691659/'
'キッズブレア株式会社', 'https://toranet.jp/care_p/jb_1602/ped_01/la_12/46590149/'
'医療法人社団　松永会', 'https://toranet.jp/care_p/jb_2025/ped_01/la_10/46711051/'
'社会福祉法人　新考会', 'https://toranet.jp/care_p/jb_1602/ped_01/la_12/46944348/'
'社会福祉法人 千葉県厚生事業団', 'https://toranet.jp/care_p/jb_2025/ped_01/la_14/46719127/'
'株式会社川商アドバンス', 'https://toranet.jp/care_p/jb_2020/ped_01/la_13/46785977/'
'社会福祉法人森友会(シンユウカイ)', 'https://toranet.jp/care_p/jb_1602/ped_01/la_11/46675382/'
'株式会社プラスオー', 'https://toranet.jp/care_p/jb_2020/ped_01/la_12/45275282/'
'ティ-エヌ浦和店', 'https://toranet.jp/beauty_p/jb_1907/ped_01/la_13/46865184/'
'アブコ株式会社【ピップグループ】', 'https://toranet.jp/beauty_p/jb_1908/ped_01/la_10/46693788/'
'株式会社Diana', 'https://toranet.jp/beauty_p/jb_1908/ped_01/la_10/46562704/'
'美顔鍼･痩身･整体Ｌａｂｏ　Ａｎｔｅｒｉｏｒ　銀座院', 'https://toranet.jp/beauty_p/jb_1908/ped_01/la_10/46702259/'
'オリエンタルビューティー株式会社', 'https://toranet.jp/beauty_p/jb_1907/ped_01/la_10/46697403/'
'コアトラストワークス株式会社', 'https://toranet.jp/beauty_p/jb_1908/ped_01/la_10/46586373/'
'株式会社FiNCFit(フィンクフィット)', 'https://toranet.jp/beauty_p/jb_1908/ped_01/la_10/46643447/'
'リラクゼーションサロン Bodysh～ボディッシュ～', 'https://toranet.jp/beauty_p/jb_1909/ped_01/la_10/46488144/'
'株式会社C4メディア', 'https://toranet.jp/beauty_p/jb_1908/ped_01/la_10/46844266/'
'シンメトリー横浜', 'https://toranet.jp/beauty_p/jb_1909/ped_01/la_12/46785016/'
'株式会社サラ', 'https://toranet.jp/beauty_p/jb_1908/ped_01/la_10/46787556/'
'ドクターサポート株式会社', 'https://toranet.jp/beauty_p/jb_1908/ped_01/la_10/46919333/'
'Ｄr.Ｂody株式会社', 'https://toranet.jp/beauty_p/jb_1909/ped_01/la_10/46925532/'
'ブラジリアンワックスQueen\'s Wax(株)エンディミオン', 'https://toranet.jp/beauty_p/jb_1908/ped_01/la_10/46537074/'
'医療法人社団　翔友会', 'https://toranet.jp/office_p/jb_1002/ped_01/la_10/46905722/'
'株式会社ボディーズ', 'https://toranet.jp/beauty_p/jb_1910/ped_01/la_10/46824277/'
'株式会社トーコン ホールディングス', 'https://toranet.jp/office_p/jb_1016/ped_01/la_10/46819433/'
'株式会社飛竜企画', 'https://toranet.jp/office_p/jb_1003/ped_01/la_10/46881907/'
'株式会社カーブスジャパン', 'https://toranet.jp/office_p/jb_1011/ped_01/la_10/46846812/'
'共同ネットワーク株式会社', 'https://toranet.jp/office_p/jb_1004/ped_01/la_10/46918964/'
'三井不動産ビルマネジメント株式会社', 'https://toranet.jp/office_p/jb_1005/ped_01/la_10/46820749/'
'株式会社シグナル東京', 'https://toranet.jp/office_p/jb_1003/ped_01/la_10/46892345/'
'SOMPOコミュニケーションズ株式会社', 'https://toranet.jp/office_p/jb_1011/ped_01/la_10/46722523/'
'湘南美容外科クリニックコールセンター', 'https://toranet.jp/office_p/jb_1011/ped_01/la_10/46831829/'
'株式会社プライムサーヴ', 'https://toranet.jp/office_p/jb_1005/ped_01/la_10/46842242/'
'株式会社　八広社', 'https://toranet.jp/office_p/jb_1001/ped_01/la_10/46848208/'
'株式会社デルタ', 'https://toranet.jp/office_p/jb_1003/ped_01/la_10/46874475/'
'クラウド･エージェンシー株式会社', 'https://toranet.jp/office_p/jb_1001/ped_01/la_10/46893519/'
'株式会社マルニトータルサービス', 'https://toranet.jp/office_p/jb_1001/ped_01/la_10/46838374/'
'株式会社日本教育クリエイト', 'https://toranet.jp/office_p/jb_1001/ped_01/la_10/46845992/'
'株式会社ビックスリーマーケティング', 'https://toranet.jp/office_p/jb_1011/ped_01/la_10/46802986/'
'株式会社ノーザンライツ', 'https://toranet.jp/office_p/jb_1003/ped_01/la_10/46844434/'
'みずほ台ＵＮＯ　東和アミューズメント株式会社', 'https://toranet.jp/office_p/jb_1001/ped_01/la_13/46836162/'
'株式会社スーパーキャット', 'https://toranet.jp/office_p/jb_1004/ped_01/la_10/46902033/'
'株式会社サナレ', 'https://toranet.jp/salon_p/jb_1903/ped_01/la_10/46161835/'
'株式会社　フォートップス', 'https://toranet.jp/salon_p/jb_1905/ped_01/la_13/46693853/'
'株式会社レゾナ ｢ZA/ZA｣', 'https://toranet.jp/salon_p/jb_1903/ped_01/la_10/46939652/'
'株式会社ニュートン', 'https://toranet.jp/salon_p/jb_1905/ped_01/la_10/46436241/'
'カラー専門店　メルモ　本部', 'https://toranet.jp/salon_p/jb_1901/ped_01/la_14/46573278/'
'株式会社ララフェイス', 'https://toranet.jp/salon_p/jb_1901/ped_01/la_11/46814067/'
'株式会社　グレース', 'https://toranet.jp/salon_p/jb_1905/ped_01/la_10/46708199/'
'有限会社泰平　アトリエＪＤ', 'https://toranet.jp/salon_p/jb_1901/ped_01/la_11/46780562/'
'株式会社神奈川総合企画', 'https://toranet.jp/salon_p/jb_1901/ped_01/la_10/46162439/'
'株式会社トップス', 'https://toranet.jp/salon_p/jb_1901/ped_01/la_14/46906419/'
'株式会社ゴーディ田中商事', 'https://toranet.jp/salon_p/jb_1901/ped_01/la_10/46369825/'
'株式会社デコルテ', 'https://toranet.jp/salon_p/jb_1905/ped_01/la_19/46778820/'
'株式会社　ネットフィーリング', 'https://toranet.jp/salon_p/jb_1904/ped_01/la_13/46628907/'
'有限会社paso a paso(パソアパソ)', 'https://toranet.jp/salon_p/jb_1905/ped_01/la_10/46688784/'
'Ｃure(キュアー)', 'https://toranet.jp/salon_p/jb_1902/ped_01/la_14/46829464/'
'株式会社ing（アイエヌジィ）美容室var-y（ヴェアリ）', 'https://toranet.jp/salon_p/jb_1902/ped_01/la_12/46679445/'
'有限会社ビービーエススズキ(ＢＢＳ)', 'https://toranet.jp/salon_p/jb_1901/ped_01/la_10/46688615/'
'株式会社アルジャンスー', 'https://toranet.jp/salon_p/jb_1906/ped_01/la_12/46818438/'
'クイックカットBB　ドン･キホーテ二俣川店', 'https://toranet.jp/salon_p/jb_1901/ped_01/la_12/46902452/'
'株式会社オーカ', 'https://toranet.jp/care_p/jb_1602/ped_01/la_12/46818976/'
'医療法人社団慈光会　八木病院', 'https://toranet.jp/care_p/jb_2020/ped_01/la_10/46177841/'
'社会福祉法人清勝会　特別養護老人ホーム ひので', 'https://toranet.jp/care_p/jb_2025/ped_01/la_13/46790776/'
'社会福祉法人　あすなろ会', 'https://toranet.jp/care_p/jb_2020/ped_01/la_13/46731881/'
'株式会社テンダーラビングケアサービス', 'https://toranet.jp/care_p/jb_1602/ped_01/la_12/46818165/'
'社会福祉法人　愛成会', 'https://toranet.jp/care_p/jb_2025/ped_01/la_10/46796524/'
'株式会社ばんびーな保育園　リエッタ', 'https://toranet.jp/care_p/jb_1602/ped_01/la_12/46828109/'
'株式会社アメニティライフ', 'https://toranet.jp/care_p/jb_1602/ped_01/la_12/46123260/'
'高齢者グループホーム　｢輪｣', 'https://toranet.jp/care_p/jb_2022/ped_01/la_12/46810619/'
'ＮＰＯ法人　ウーヴ', 'https://toranet.jp/care_p/jb_1602/ped_01/la_10/46703735/'
'幸いづみ保育園(社会福祉法人三篠会)', 'https://toranet.jp/care_p/jb_1602/ped_01/la_12/46782237/'
'株式会社　パットコーポレーション', 'https://toranet.jp/care_p/jb_1602/ped_01/la_10/46816634/'
'社会福祉法人きしろ社会事業会　鎌倉プライエムきしろ', 'https://toranet.jp/care_p/jb_2025/ped_01/la_12/46800173/'
'黎明保育園', 'https://toranet.jp/care_p/jb_1602/ped_01/la_10/46457519/'
'株式会社日本生科学研究所', 'https://toranet.jp/care_p/jb_1602/ped_01/la_11/46812286/'
'株式会社ＫＲＫ', 'https://toranet.jp/beauty_p/jb_1908/ped_01/la_10/46867158/'
'株式会社ＬＯＰＥ', 'https://toranet.jp/beauty_p/jb_1908/ped_01/la_10/46787331/'
'美容皮膚科タカミクリニック', 'https://toranet.jp/beauty_p/jb_1911/ped_01/la_10/46538990/'
'THE PERFECTLINE府中店', 'https://toranet.jp/beauty_p/jb_1908/ped_01/la_11/46662631/'
'ヒッグスコミック株式会社', 'https://toranet.jp/beauty_p/jb_1908/ped_01/la_10/46823956/'
'株式会社 LIFE CREATE (ライフクリエイト)', 'https://toranet.jp/beauty_p/jb_1910/ped_01/la_10/46879024/'
'株式会社オータニコーポレーション', 'https://toranet.jp/beauty_p/jb_1908/ped_01/la_10/46803487/'
'銀座イヌディバ', 'https://toranet.jp/beauty_p/jb_1908/ped_01/la_10/46778952/'
'株式会社Ｍ.Ｍ.Ｍ', 'https://toranet.jp/beauty_p/jb_1908/ped_01/la_10/46803787/'
'新宿美容皮膚科 みずのクリニック', 'https://toranet.jp/beauty_p/jb_1910/ped_01/la_10/46579768/'
'COCOFIT(ココフィット)/株式会社COCOFUL(ココフル)', 'https://toranet.jp/beauty_p/jb_1908/ped_01/la_11/46805062/'
'有限会社　ビューティー･コンシェルジュ', 'https://toranet.jp/beauty_p/jb_1908/ped_01/la_12/46170109/'
'株式会社じゅえる', 'https://toranet.jp/beauty_p/jb_1908/ped_01/la_10/46805089/'
'ガーデンクリニック', 'https://toranet.jp/beauty_p/jb_1911/ped_01/la_10/46818992/'
'リラクゼーションサロン 癒Life', 'https://toranet.jp/beauty_p/jb_1909/ped_01/la_12/46647063/'
'株式会社　公文教育研究会', 'https://toranet.jp/office_p/jb_1001/ped_01/la_12/46793505/'
'株式会社　協栄', 'https://toranet.jp/office_p/jb_1001/ped_01/la_10/46844163/'
'株式会社ノジマ', 'https://toranet.jp/office_p/jb_1011/ped_01/la_12/46848248/'
'マガシーク株式会社', 'https://toranet.jp/office_p/jb_1001/ped_01/la_10/46821804/'
'株式会社　アイ･コーポレーション', 'https://toranet.jp/office_p/jb_1001/ped_01/la_10/46830886/'
'株式会社トーコン ホールディングス', 'https://toranet.jp/office_p/jb_1003/ped_01/la_10/46821714/'
'株式会社メガ', 'https://toranet.jp/office_p/jb_1001/ped_01/la_10/46847202/'
'医療法人社団榎会　榎本クリニック', 'https://toranet.jp/office_p/jb_1001/ped_01/la_10/46819495/'
'中栄不動産株式会社', 'https://toranet.jp/office_p/jb_1001/ped_01/la_10/46882906/'
'株式会社メディアハウスホールディングス', 'https://toranet.jp/office_p/jb_1001/ped_01/la_10/46816511/'
'株式会社デンソ', 'https://toranet.jp/office_p/jb_1001/ped_01/la_10/46797707/'
'八重洲　税理士法人', 'https://toranet.jp/office_p/jb_1001/ped_01/la_10/46789646/'
'株式会社スタッフサービス', 'https://toranet.jp/office_p/jb_1001/ped_01/la_10/46909509/'
'パナソニック エクセルスタッフ株式会社', 'https://toranet.jp/office_p/jb_1001/ped_01/la_10/46818470/'
'株式会社トレジャーワン･カンパニー', 'https://toranet.jp/office_p/jb_1003/ped_01/la_12/46825501/'
'株式会社エレクトリ', 'https://toranet.jp/office_p/jb_1003/ped_01/la_10/46838988/'
'株式会社CIN GROUP', 'https://toranet.jp/office_p/jb_1001/ped_01/la_10/46859806/'
'株式会社ダーウィンプラス', 'https://toranet.jp/office_p/jb_1001/ped_01/la_10/46853006/'
'JOLIE　MATANTE 美容室', 'https://toranet.jp/salon_p/jb_1901/ped_01/la_10/46674940/'
'hair-make　グランルーヴル　(有)グランルーヴル', 'https://toranet.jp/salon_p/jb_1901/ped_01/la_10/46546968/'
'有限会社対交堂', 'https://toranet.jp/salon_p/jb_1901/ped_01/la_10/46665046/'
'クイックカットＢＢ　イオン大宮店', 'https://toranet.jp/salon_p/jb_1901/ped_01/la_13/46679209/'
'株式会社ラポールヘア･グループ', 'https://toranet.jp/salon_p/jb_1901/ped_01/la_12/46787665/'
'株式会社ゴールドストーン', 'https://toranet.jp/salon_p/jb_1901/ped_01/la_14/46927178/'
'ＨＡＩＲ　Ｃ.Ａ.Ｓ(ヘアーキャス)', 'https://toranet.jp/salon_p/jb_1902/ped_01/la_10/46889617/'
'ナショナル物産株式会社', 'https://toranet.jp/salon_p/jb_1902/ped_01/la_10/46784150/'
'有限会社アサンブラージュ', 'https://toranet.jp/salon_p/jb_1901/ped_01/la_10/46804327/'
'株式会社リライブ', 'https://toranet.jp/salon_p/jb_1901/ped_01/la_14/46830313/'
'有限会社フォトスタジオ　ＫＯＷＡ', 'https://toranet.jp/salon_p/jb_1901/ped_01/la_10/46602311/'
'株式会社 ブライアンズカンパニー', 'https://toranet.jp/salon_p/jb_1901/ped_01/la_12/46431697/'
'株式会社ワンズカット', 'https://toranet.jp/salon_p/jb_1901/ped_01/la_10/46634344/'
'株式会社ターゲット', 'https://toranet.jp/salon_p/jb_1902/ped_01/la_10/46668619/'
'ＩＣＨ･ＧＯ狛江店', 'https://toranet.jp/salon_p/jb_1901/ped_01/la_11/46806628/'
'美容室セブンズ　有限会社セブンズ', 'https://toranet.jp/salon_p/jb_1901/ped_01/la_13/46785181/'
'有限会社Ten-Nine', 'https://toranet.jp/salon_p/jb_1901/ped_01/la_13/46877765/'
'カットハウスＱＱ', 'https://toranet.jp/salon_p/jb_1901/ped_01/la_10/46825587/'
'有限会社リゼラ', 'https://toranet.jp/beauty_p/jb_1907/ped_01/la_10/46706984/'
'医療法人永寿会　恩方病院', 'https://toranet.jp/care_p/jb_2022/ped_01/la_11/46712448/'
'株式会社ＬａｎＫｕｕｎｏ (ランクーノ)', 'https://toranet.jp/care_p/jb_2025/ped_01/la_13/46551634/'
'ＮＰＯ法人　でんでんむし', 'https://toranet.jp/care_p/jb_1602/ped_01/la_14/46882583/'
'医療法人財団青葉会　青葉病院', 'https://toranet.jp/care_p/jb_2020/ped_01/la_10/46698149/'
'社会福祉法人 興善会', 'https://toranet.jp/care_p/jb_1602/ped_01/la_10/46236844/'
'株式会社ＧＲＯＯＶＹ', 'https://toranet.jp/care_p/jb_1602/ped_01/la_10/46257223/'
'株式会社日本アメニティライフ協会', 'https://toranet.jp/care_p/jb_2020/ped_01/la_12/46711438/'
'株式会社reliable', 'https://toranet.jp/care_p/jb_2022/ped_01/la_13/46642869/'
'株式会社DK', 'https://toranet.jp/care_p/jb_1602/ped_01/la_11/46906198/'
'メディカル･ケア･サービス株式会社', 'https://toranet.jp/care_p/jb_2020/ped_01/la_13/46813113/'
'認可園　エンゼルベア石神井保育園', 'https://toranet.jp/care_p/jb_1602/ped_01/la_10/46677629/'
'社会福祉法人　なぜの木会　子どもの家保育園', 'https://toranet.jp/care_p/jb_1602/ped_01/la_10/46820643/'
'社会福祉法人神奈川県社会福祉事業団', 'https://toranet.jp/care_p/jb_2022/ped_01/la_12/46737528/'
'株式会社 ドクターマノメディカルラボ', 'https://toranet.jp/beauty_p/jb_1908/ped_01/la_10/46801790/'
'株式会社アテニア(ファンケルグループ）', 'https://toranet.jp/beauty_p/jb_1910/ped_01/la_10/46812832/'
'Ｂａｌｉ Ｓａｌｏｎ(バリ サロン)', 'https://toranet.jp/beauty_p/jb_1908/ped_01/la_10/46542131/'
'株式会社ポーラ', 'https://toranet.jp/beauty_p/jb_1908/ped_01/la_11/46528703/'
'有限会社ブラウ･メイクアップ･ア･パーティー', 'https://toranet.jp/beauty_p/jb_1909/ped_01/la_10/46783390/'
'株式会社ing（アイエヌジィ）', 'https://toranet.jp/beauty_p/jb_1909/ped_01/la_12/46679457/'
'株式会社ＳＹＭＡコーポレーション', 'https://toranet.jp/salon_p/jb_1901/ped_01/la_10/46890296/'
'株式会社best effort（ベストエフォート）', 'https://toranet.jp/beauty_p/jb_1908/ped_01/la_12/46660440/'
'Pasir Putih(パシル･プティ)/株式会社マルシン', 'https://toranet.jp/beauty_p/jb_1908/ped_01/la_10/46652771/'
'ＢＥＡＵＴＥ(ボーテ)', 'https://toranet.jp/beauty_p/jb_1908/ped_01/la_12/46790965/'
'有限会社双葉', 'https://toranet.jp/salon_p/jb_1901/ped_01/la_14/46692152/'
'株式会社　壱番館', 'https://toranet.jp/beauty_p/jb_1911/ped_01/la_10/46788893/'
'ル･サントル', 'https://toranet.jp/beauty_p/jb_1908/ped_01/la_10/46711901/'
'Ｌalaku　ララク自由が丘店(有)スガエンタープライズ', 'https://toranet.jp/beauty_p/jb_1911/ped_01/la_10/46787769/'
'株式会社　シンホールディングス', 'https://toranet.jp/office_p/jb_1004/ped_01/la_12/46788876/'
'株式会社スマレジ', 'https://toranet.jp/office_p/jb_1011/ped_01/la_10/46810652/'
'有限会社 西尾材木店', 'https://toranet.jp/office_p/jb_1003/ped_01/la_10/46810459/'
'株式会社　八広社', 'https://toranet.jp/office_p/jb_1001/ped_01/la_10/46947654/'
'レイリス･アンド･カンパニー株式会社', 'https://toranet.jp/office_p/jb_1003/ped_01/la_10/46932279/'
'エビス商事株式会社', 'https://toranet.jp/office_p/jb_1001/ped_01/la_10/46901119/'
'有限会社北野デザイン', 'https://toranet.jp/office_p/jb_1001/ped_01/la_10/46918039/'
'ユメ（ノ）ソラホールディングス株式会社', 'https://toranet.jp/office_p/jb_1001/ped_01/la_10/46824008/'
'税理士法人ウィズ', 'https://toranet.jp/office_p/jb_1004/ped_01/la_10/46681596/'
'イングホールディングス株式会社　キャリア事業部', 'https://toranet.jp/office_p/jb_1003/ped_01/la_10/46884264/'
'弁護士法人　法律事務所オーセンス', 'https://toranet.jp/office_p/jb_1011/ped_01/la_10/46874889/'
'株式会社　公文教育研究会', 'https://toranet.jp/office_p/jb_1001/ped_01/la_10/46837443/'
'医療法人社団　翔友会', 'https://toranet.jp/office_p/jb_1002/ped_01/la_10/46801625/'
'日本ＡＴＭヒューマンソリューション株式会社', 'https://toranet.jp/office_p/jb_1002/ped_01/la_10/46859363/'
'Ａ\'ｓｈ', 'https://toranet.jp/salon_p/jb_1901/ped_01/la_12/46795705/'
'Studio Color', 'https://toranet.jp/salon_p/jb_1905/ped_01/la_11/46692760/'
'ｍｕ－ｋｉｃｈｉ(むーきち)', 'https://toranet.jp/salon_p/jb_1901/ped_01/la_11/46940328/'
'株式会社アルジャンスー', 'https://toranet.jp/salon_p/jb_1906/ped_01/la_10/46821058/'
'ＩＣＨ･ＧＯ　越谷店／新三郷店', 'https://toranet.jp/salon_p/jb_1901/ped_01/la_13/46756245/'
'株式会社ネット･フィーリング', 'https://toranet.jp/salon_p/jb_1904/ped_01/la_12/46625731/'
'株式会社　ケンジ', 'https://toranet.jp/salon_p/jb_1905/ped_01/la_12/46788939/'
'株式会社メイクマリエ', 'https://toranet.jp/salon_p/jb_1903/ped_01/la_10/46803262/'
'有限会社フィールド', 'https://toranet.jp/salon_p/jb_1905/ped_01/la_10/46780631/'
'株式会社ＰＲＥＣＥＳ', 'https://toranet.jp/salon_p/jb_1905/ped_01/la_12/46764042/'
'KU-KUM/(有)美容室くーくむ', 'https://toranet.jp/salon_p/jb_1901/ped_01/la_10/46288740/'
'Vanilla-Beans　hair＊make', 'https://toranet.jp/salon_p/jb_1902/ped_01/la_12/46675622/'
'株式会社ＰＡＲＳ', 'https://toranet.jp/salon_p/jb_1902/ped_01/la_14/46158784/'
'美容室TBK 能見台店･上大岡店･弘明寺店', 'https://toranet.jp/salon_p/jb_1901/ped_01/la_12/46794253/'
'株式会社ＳＹＭＡコーポレーション', 'https://toranet.jp/salon_p/jb_1901/ped_01/la_10/46898702/'
'有限会社アサンブラージュ', 'https://toranet.jp/salon_p/jb_1901/ped_01/la_10/46697699/'
'有限会社スカイ', 'https://toranet.jp/salon_p/jb_1901/ped_01/la_10/46788740/'
'ヘアカラー専門店　ＣolorfuL(カラフル)', 'https://toranet.jp/salon_p/jb_1901/ped_01/la_10/46928862/'
'株式会社スリーピース', 'https://toranet.jp/care_p/jb_1602/ped_01/la_13/46894706/'
'株式会社メルフィス', 'https://toranet.jp/care_p/jb_1602/ped_01/la_13/46821044/'
'社会福祉法人 いずみ苗場の会', 'https://toranet.jp/care_p/jb_2025/ped_01/la_12/46807083/'
'キャンディ検見川園', 'https://toranet.jp/care_p/jb_1602/ped_01/la_14/46527944/'
'医療法人財団　明理会　埼玉セントラル病院', 'https://toranet.jp/care_p/jb_2020/ped_01/la_13/46665255/'
'メディカル･ケア･サービス株式会社', 'https://toranet.jp/care_p/jb_2020/ped_01/la_13/46813129/'
'医療法人社団プラタナス', 'https://toranet.jp/care_p/jb_2021/ped_01/la_10/46940961/'
'社会福祉法人泉陽会　新町光陽苑', 'https://toranet.jp/care_p/jb_2021/ped_01/la_10/46238267/'
'株式会社東急イーライフデザイン', 'https://toranet.jp/care_p/jb_2025/ped_01/la_10/46734301/'
'有限会社メイプルハンド', 'https://toranet.jp/care_p/jb_2020/ped_01/la_12/46680134/'
'有限会社ティーケイオフィス', 'https://toranet.jp/care_p/jb_1602/ped_01/la_10/46807537/'
'株式会社日本生科学研究所', 'https://toranet.jp/care_p/jb_1602/ped_01/la_12/46812247/'
'株式会社ツクイ', 'https://toranet.jp/care_p/jb_2020/ped_01/la_12/46702307/'
'株式会社エクシオジャパン', 'https://toranet.jp/care_p/jb_2025/ped_01/la_12/46795166/'
'株式会社ＳＹＭＡコーポレーション', 'https://toranet.jp/salon_p/jb_1901/ped_01/la_10/46890481/'
'有限会社やせる教室 スワン', 'https://toranet.jp/beauty_p/jb_1910/ped_01/la_10/46921966/'
'Hot Studio SANCTUARY（チェルシー株式会社）', 'https://toranet.jp/beauty_p/jb_1911/ped_01/la_10/46817257/'
'株式会社ビューティーエリス', 'https://toranet.jp/beauty_p/jb_1912/ped_01/la_10/46894646/'
'株式会社　バンゲージ', 'https://toranet.jp/beauty_p/jb_1910/ped_01/la_10/46808162/'
'アンダーライズ株式会社', 'https://toranet.jp/beauty_p/jb_1907/ped_01/la_10/46788291/'
'花輪皮膚科', 'https://toranet.jp/beauty_p/jb_1908/ped_01/la_10/46879575/'
'Dione(ディオーネ) 所沢小手指店', 'https://toranet.jp/beauty_p/jb_1908/ped_01/la_13/46803149/'
'株式会社TOKYO KOSAN Inc.', 'https://toranet.jp/beauty_p/jb_1910/ped_01/la_14/46937674/'
'ティ-エヌ町田店', 'https://toranet.jp/beauty_p/jb_1907/ped_01/la_11/46733665/'
'株式会社メディアハウスホールディングス', 'https://toranet.jp/office_p/jb_1001/ped_01/la_10/46880718/'
'有限会社マイケア', 'https://toranet.jp/office_p/jb_1006/ped_01/la_10/46810507/'
'株式会社デルタ', 'https://toranet.jp/office_p/jb_1011/ped_01/la_10/46874835/'
'アドプランナー株式会社', 'https://toranet.jp/office_p/jb_1003/ped_01/la_10/46939977/'
'株式会社ディアローグ', 'https://toranet.jp/office_p/jb_1001/ped_01/la_10/46807178/'
'カメイオート株式会社', 'https://toranet.jp/office_p/jb_1002/ped_01/la_12/46906073/'
'株式会社クイック　≪東証一部上場≫', 'https://toranet.jp/office_p/jb_1003/ped_01/la_10/46862660/'
'イオンモール株式会社', 'https://toranet.jp/office_p/jb_1001/ped_01/la_14/46848288/'
'おもてなしＪＡＰＡＮ株式会社', 'https://toranet.jp/office_p/jb_1001/ped_01/la_10/46722633/'
'旭ハウス工業株式会社', 'https://toranet.jp/office_p/jb_1004/ped_01/la_14/46802340/'
'アイング株式会社', 'https://toranet.jp/office_p/jb_1015/ped_01/la_10/46814247/'
'株式会社サポート', 'https://toranet.jp/office_p/jb_1004/ped_01/la_10/46803174/'
'株式会社プライズコミュニケーション', 'https://toranet.jp/office_p/jb_1004/ped_01/la_10/46927677/'
'株式会社サン･アドセンター', 'https://toranet.jp/office_p/jb_1014/ped_01/la_10/46887401/'
'株式会社アクティスコーポレーション', 'https://toranet.jp/office_p/jb_1001/ped_01/la_10/46705285/'
'株式会社エスケー住建', 'https://toranet.jp/office_p/jb_1003/ped_01/la_11/46918735/'
'有限会社INDUSTRIA(インダストリア)', 'https://toranet.jp/office_p/jb_1002/ped_01/la_10/46911072/'
'株式会社綜合キャリアオプション', 'https://toranet.jp/office_p/jb_1001/ped_01/la_10/46822110/'
'株式会社ティアラ', 'https://toranet.jp/salon_p/jb_1905/ped_01/la_10/46749453/'
'有限会社Birth', 'https://toranet.jp/salon_p/jb_1901/ped_01/la_10/46823401/'
'(有)コンツェルン勝沼', 'https://toranet.jp/salon_p/jb_1905/ped_01/la_10/46207756/'
'ｓｕｃｒｅ\'ｅ(スクレ)', 'https://toranet.jp/salon_p/jb_1902/ped_01/la_10/46779066/'
'株式会社アルジャンスー', 'https://toranet.jp/salon_p/jb_1901/ped_01/la_13/46818478/'
'ファイブアイ株式会社', 'https://toranet.jp/salon_p/jb_1905/ped_01/la_10/46663463/'
'クイックカラーＱ', 'https://toranet.jp/salon_p/jb_1901/ped_01/la_12/44750872/'
'株式会社　オンザゴー', 'https://toranet.jp/salon_p/jb_1903/ped_01/la_14/46688639/'
'株式会社ラポールヘア･グループ', 'https://toranet.jp/salon_p/jb_1901/ped_01/la_10/46807628/'
'hair make ＣＨＵＭ', 'https://toranet.jp/salon_p/jb_1901/ped_01/la_10/46779009/'
'株式会社ＴＨＩＮＫフィットネス', 'https://toranet.jp/office_p/jb_1002/ped_01/la_10/46741834/'
'スマイルカラー　鶴ヶ峰店', 'https://toranet.jp/salon_p/jb_1901/ped_01/la_12/46870074/'
'花花り　森下店', 'https://toranet.jp/salon_p/jb_1901/ped_01/la_10/46459912/'
'有限会社恵似夢　美容室もんぷち', 'https://toranet.jp/salon_p/jb_1901/ped_01/la_12/46674393/'
'Ｈair＆heartＳalon　Ｂlanca', 'https://toranet.jp/salon_p/jb_1902/ped_01/la_10/46760937/'
'美容室エ･エム･シー', 'https://toranet.jp/salon_p/jb_1901/ped_01/la_12/46875100/'
'社会福祉法人みよし会', 'https://toranet.jp/care_p/jb_1602/ped_01/la_10/46352467/'
'特定非営利活動法人　きずなの会', 'https://toranet.jp/care_p/jb_2025/ped_01/la_11/46700126/'
'医療法人社団孝和　広岡クリニック', 'https://toranet.jp/care_p/jb_2019/ped_01/la_12/46791808/'
'株式会社つばき　横浜保育室きくな', 'https://toranet.jp/care_p/jb_1602/ped_01/la_12/46730426/'
'株式会社シンフォニー　放課後等デーサービス奏', 'https://toranet.jp/care_p/jb_2021/ped_01/la_14/46790552/'
'株式会社エムズライン', 'https://toranet.jp/care_p/jb_1602/ped_01/la_11/46715195/'
'株式会社東興', 'https://toranet.jp/care_p/jb_2025/ped_01/la_10/46823357/'
'社会福祉法人　武蔵野療園　中野友愛ホーム', 'https://toranet.jp/care_p/jb_2020/ped_01/la_10/46696876/'
'株式会社ファミリーホーム', 'https://toranet.jp/care_p/jb_2025/ped_01/la_12/46794292/'
'医療法人　閑谷会　介護老人保健施設　東京おりーぶ苑', 'https://toranet.jp/care_p/jb_2020/ped_01/la_14/46760602/'
'医)八葉会　地域包括支援センター　西新井本町', 'https://toranet.jp/care_p/jb_2021/ped_01/la_10/46789827/'
'国家公務員共済組合連合会　虎の門病院', 'https://toranet.jp/care_p/jb_2025/ped_01/la_10/46858405/'
'株式会社Ｆ＆ＳＫ', 'https://toranet.jp/care_p/jb_2020/ped_01/la_11/46840944/'
'株式会社ありさんCompany', 'https://toranet.jp/care_p/jb_1602/ped_01/la_13/46733615/'
'株式会社ワークスクリエイティブ', 'https://toranet.jp/care_p/jb_2020/ped_01/la_14/46901836/'
'有限会社愛のえぷろん社', 'https://toranet.jp/care_p/jb_2025/ped_01/la_10/46306079/'
'社会福祉法人ピヨピヨの会　ピヨピヨ保育園', 'https://toranet.jp/care_p/jb_1602/ped_01/la_12/46795459/'
'株式会社高島屋　クロスメディア事業部', 'https://toranet.jp/office_p/jb_1003/ped_01/la_10/46825117/'
'株式会社シグマネットワークス', 'https://toranet.jp/office_p/jb_1001/ped_01/la_10/46795420/'
'株式会社カシワブッサン', 'https://toranet.jp/office_p/jb_1003/ped_01/la_12/46789112/'
'株式会社デザインワン･ジャパン', 'https://toranet.jp/office_p/jb_1803/ped_01/la_10/46902054/'
'株式会社ＤＩＣ（ディアイシー）', 'https://toranet.jp/office_p/jb_1001/ped_01/la_10/46843622/'
'株式会社ハイ･ウオッシング', 'https://toranet.jp/office_p/jb_1003/ped_01/la_10/46230921/'
'株式会社ジェーシービー', 'https://toranet.jp/office_p/jb_1011/ped_01/la_10/46782140/'
'株式会社ヴィーファイブ', 'https://toranet.jp/office_p/jb_1001/ped_01/la_10/46905388/'
'日本アスペクトコア株式会社', 'https://toranet.jp/office_p/jb_1011/ped_01/la_12/46843079/'
'株式会社デルファイレーザージャパン', 'https://toranet.jp/office_p/jb_1001/ped_01/la_10/46797991/'
'トシン･グループ株式会社', 'https://toranet.jp/office_p/jb_1003/ped_01/la_12/46883561/'
'株式会社ネクストレベル', 'https://toranet.jp/office_p/jb_1001/ped_01/la_10/46847970/'
'株式会社アディーレ･リーガルサポート', 'https://toranet.jp/office_p/jb_1011/ped_01/la_11/46817049/'
'フィールズジュニア株式会社', 'https://toranet.jp/office_p/jb_1002/ped_01/la_10/46796451/'
'株式会社 ＮＩＴＴＯＨ', 'https://toranet.jp/office_p/jb_1001/ped_01/la_10/46928764/'
'株式会社インターネットプライバシー研究所', 'https://toranet.jp/office_p/jb_1001/ped_01/la_10/46902915/'
'株式会社ＳＹＭＡコーポレーション', 'https://toranet.jp/salon_p/jb_1901/ped_01/la_10/46898670/'
'美容室 ＰＬａＺＡ', 'https://toranet.jp/salon_p/jb_1902/ped_01/la_13/46784231/'
'株式会社ビューティハウスヘルシー', 'https://toranet.jp/salon_p/jb_1901/ped_01/la_10/46841425/'
'Ｃｕｔ1000セイムス大宮佐知川店', 'https://toranet.jp/salon_p/jb_1901/ped_01/la_13/46833502/'
'ｍｕ－ｋｉｃｈｉ(むーきち)', 'https://toranet.jp/salon_p/jb_1901/ped_01/la_11/46940268/'
'SHIOYA HAIR & MAKE　◆有限会社しおや', 'https://toranet.jp/salon_p/jb_1904/ped_01/la_13/46702313/'
'ＭＯＮ×ＡＭＩ', 'https://toranet.jp/salon_p/jb_1901/ped_01/la_11/46940306/'
'有限会社ビューティーサイエンス', 'https://toranet.jp/salon_p/jb_1901/ped_01/la_10/46780431/'
'医療法人弘仁会　板倉病院', 'https://toranet.jp/care_p/jb_2025/ped_01/la_14/46730838/'
'一般社団法人 地域福祉推進機構', 'https://toranet.jp/care_p/jb_2020/ped_01/la_10/46916625/'
'株式会社レジオール　ゆめのぞみ南', 'https://toranet.jp/care_p/jb_2022/ped_01/la_12/46677830/'
'佐藤商業株式会社', 'https://toranet.jp/office_p/jb_1014/ped_01/la_14/46903832/'
'株式会社ホープネット', 'https://toranet.jp/office_p/jb_1001/ped_01/la_10/46772770/'
'株式会社建築資料研究社', 'https://toranet.jp/office_p/jb_1003/ped_01/la_14/46823465/'
'誠友社印刷工業株式会社', 'https://toranet.jp/office_p/jb_1003/ped_01/la_13/46809143/'
'株式会社ラボ･キゴシ', 'https://toranet.jp/office_p/jb_1004/ped_01/la_10/46821560/'
'トランスコスモス株式会社', 'https://toranet.jp/office_p/jb_1803/ped_01/la_10/46902748/'
'株式会社嘉環境建築設計', 'https://toranet.jp/office_p/jb_1001/ped_01/la_12/46782732/'
'青木昇会計事務所(株式会社タクサムプランニング)', 'https://toranet.jp/office_p/jb_1005/ped_01/la_10/46817460/'
'順天堂大学　消化器画像診断･治療研究室', 'https://toranet.jp/office_p/jb_1006/ped_01/la_10/46945950/'
'株式会社エージー･ジャパン', 'https://toranet.jp/office_p/jb_1003/ped_01/la_13/46860324/'
'株式会社テイク-ワン', 'https://toranet.jp/office_p/jb_1001/ped_01/la_10/46834631/'
'株式会社クリーンコーポレーション', 'https://toranet.jp/office_p/jb_1001/ped_01/la_10/46832768/'
'マグレックス株式会社', 'https://toranet.jp/office_p/jb_1001/ped_01/la_10/46820339/'
'株式会社　東洋ビルサービス', 'https://toranet.jp/office_p/jb_1002/ped_01/la_10/46847607/'
'株式会社　杉孝（すぎこう）', 'https://toranet.jp/office_p/jb_1003/ped_01/la_13/46838805/'
'株式会社 アレイ（Array Co.,Ltd.）', 'https://toranet.jp/office_p/jb_1009/ped_01/la_12/46826100/'
'株式会社エンドレス', 'https://toranet.jp/office_p/jb_1004/ped_01/la_10/46888163/'
'株式会社ディーアンドエー', 'https://toranet.jp/office_p/jb_1008/ped_01/la_10/46900681/'
'株式会社カネカ', 'https://toranet.jp/office_p/jb_1001/ped_01/la_12/46800667/'
'アーク＆エコ株式会社', 'https://toranet.jp/office_p/jb_1001/ped_01/la_10/46862909/'
'弁護士法人　天音法律事務所', 'https://toranet.jp/office_p/jb_1013/ped_01/la_10/46923091/'
'アルフレッサ株式会社　板橋支店', 'https://toranet.jp/office_p/jb_1001/ped_01/la_10/46879901/'
'株式会社財務支援研究所', 'https://toranet.jp/office_p/jb_1001/ped_01/la_10/46815749/'
'株式会社　ヨシダ防災設備', 'https://toranet.jp/office_p/jb_1001/ped_01/la_10/46813062/'
'株式会社ディグニティ', 'https://toranet.jp/office_p/jb_1001/ped_01/la_10/46830635/'
'社会保険労務士法人　東京中央エルファロ', 'https://toranet.jp/office_p/jb_1001/ped_01/la_10/46808237/'
'株式会社Nishiki Corporation', 'https://toranet.jp/office_p/jb_1003/ped_01/la_10/46885364/'
'浅見社会保険労務士法人', 'https://toranet.jp/office_p/jb_1016/ped_01/la_10/46063069/'
'医療法人社団 善仁会 神奈川総合管理センター', 'https://toranet.jp/office_p/jb_1016/ped_01/la_12/46905741/'
'株式会社ディーカナル', 'https://toranet.jp/office_p/jb_1001/ped_01/la_10/46790427/'
'神谷･大久保綜合法律事務所', 'https://toranet.jp/office_p/jb_1001/ped_01/la_10/46823471/'
'ウィンクルム株式会社', 'https://toranet.jp/office_p/jb_1001/ped_01/la_10/46863107/'
'株式会社アクト', 'https://toranet.jp/office_p/jb_1001/ped_01/la_12/46800266/'
'株式会社FROM JAPAN', 'https://toranet.jp/office_p/jb_1004/ped_01/la_10/46760185/'
'トランスコスモス株式会社', 'https://toranet.jp/office_p/jb_1001/ped_01/la_10/46902856/'
'パナソニック エクセルスタッフ株式会社', 'https://toranet.jp/office_p/jb_1002/ped_01/la_12/46812229/'
'武蔵野ドームテニススクール', 'https://toranet.jp/office_p/jb_1002/ped_01/la_10/46820797/'
'株式会社山田平安堂', 'https://toranet.jp/office_p/jb_1014/ped_01/la_10/46829776/'
'株式会社ワークリバティ', 'https://toranet.jp/office_p/jb_1009/ped_01/la_13/46945205/'
'株式会社　太陽商工', 'https://toranet.jp/office_p/jb_1015/ped_01/la_13/46818591/'
'株式会社新東京開発', 'https://toranet.jp/office_p/jb_1001/ped_01/la_10/46792239/'
'大地真央企画株式会社', 'https://toranet.jp/office_p/jb_1001/ped_01/la_10/46874713/'
'株式会社プロネット', 'https://toranet.jp/office_p/jb_1001/ped_01/la_12/46812676/'
'アスモ株式会社', 'https://toranet.jp/office_p/jb_1001/ped_01/la_10/46821904/'
'株式会社エクスマキナ', 'https://toranet.jp/office_p/jb_1001/ped_01/la_10/46858596/'
'有限会社アークネット', 'https://toranet.jp/office_p/jb_1001/ped_01/la_10/46853667/'
'株式会社ヴァリック', 'https://toranet.jp/office_p/jb_1001/ped_01/la_12/46813522/'
'光誠電気工業株式会社', 'https://toranet.jp/office_p/jb_1001/ped_01/la_10/46788249/'
'株式会社環和', 'https://toranet.jp/office_p/jb_1001/ped_01/la_13/46838807/'
'株式会社パシャプラス', 'https://toranet.jp/office_p/jb_1004/ped_01/la_10/46828240/'
'株式会社デジデリック', 'https://toranet.jp/office_p/jb_1004/ped_01/la_10/46844119/'
'株式会社八千代ポートリー', 'https://toranet.jp/office_p/jb_1001/ped_01/la_12/46788925/'
'税理士法人　稜(Ｒyo)事務所', 'https://toranet.jp/office_p/jb_1004/ped_01/la_10/46846737/'
'アンダーツリー株式会社(キコーナグループ)', 'https://toranet.jp/office_p/jb_1001/ped_01/la_12/46823241/'
'日本ビル総合管理株式会社', 'https://toranet.jp/office_p/jb_1003/ped_01/la_10/46914007/'
'株式会社プロキャスト', 'https://toranet.jp/office_p/jb_1004/ped_01/la_10/46783039/'
'株式会社YOUスタッフ', 'https://toranet.jp/office_p/jb_1004/ped_01/la_10/46830044/'
'株式会社ハグインターナショナル', 'https://toranet.jp/office_p/jb_1001/ped_01/la_10/46821338/'
'ヤマト･スタッフ･サプライ(株)　埼玉支店', 'https://toranet.jp/office_p/jb_1001/ped_01/la_13/46749091/'
'株式会社串カツ田中', 'https://toranet.jp/office_p/jb_1001/ped_01/la_10/46790646/'
'ジー･プラン株式会社', 'https://toranet.jp/office_p/jb_1001/ped_01/la_10/46787950/'
'株式会社稲葉', 'https://toranet.jp/office_p/jb_1003/ped_01/la_10/46780590/'
'株式会社タイオリエント商事', 'https://toranet.jp/office_p/jb_1001/ped_01/la_10/46799357/'
'株式会社　栄光', 'https://toranet.jp/office_p/jb_1001/ped_01/la_10/46794540/'
'出光スーパーバイジング株式会社【出光グループ会社】', 'https://toranet.jp/office_p/jb_1003/ped_01/la_10/46827909/'
'株式会社アイエスエイ', 'https://toranet.jp/office_p/jb_1001/ped_01/la_10/46678124/'
'株式会社　バディ広告事務所', 'https://toranet.jp/office_p/jb_1001/ped_01/la_10/46839479/'
'名鉄ゴールデン航空株式会社', 'https://toranet.jp/office_p/jb_1001/ped_01/la_10/46909726/'
'株式会社東京ワンタン本舗', 'https://toranet.jp/office_p/jb_1005/ped_01/la_10/46776978/'
'アイング株式会社', 'https://toranet.jp/office_p/jb_1002/ped_01/la_10/46838150/'
'株式会社新洋(新洋グループ)', 'https://toranet.jp/office_p/jb_1001/ped_01/la_12/46874503/'
'東京遊覧観光バス株式会社', 'https://toranet.jp/office_p/jb_1001/ped_01/la_10/46851883/'
'日本アスペクトコア株式会社', 'https://toranet.jp/office_p/jb_1011/ped_01/la_10/46842986/'
'仁六（ニロク）建設株式会社', 'https://toranet.jp/office_p/jb_1001/ped_01/la_10/46829458/'
'協同組合関東経営サポネット', 'https://toranet.jp/office_p/jb_1001/ped_01/la_10/46908793/'
'アロッズビジネスサポート株式会社', 'https://toranet.jp/office_p/jb_1001/ped_01/la_10/46777773/'
'三井生命保険株式会社', 'https://toranet.jp/office_p/jb_1005/ped_01/la_14/46875149/'
'明治ロジテック株式会社', 'https://toranet.jp/office_p/jb_1001/ped_01/la_10/46868390/'
'株式会社　アサヒメディア', 'https://toranet.jp/office_p/jb_1005/ped_01/la_10/46817012/'
'新日本ハウス株式会社', 'https://toranet.jp/office_p/jb_1001/ped_01/la_12/46832532/'
'株式会社慈照苑', 'https://toranet.jp/office_p/jb_1001/ped_01/la_10/46855522/'
'三生収納サービス株式会社', 'https://toranet.jp/office_p/jb_1005/ped_01/la_10/46588663/'
'株式会社八興（はっこう）', 'https://toranet.jp/office_p/jb_1001/ped_01/la_10/46902716/'
'株式会社ユニマットリケン', 'https://toranet.jp/office_p/jb_1001/ped_01/la_10/46780637/'
'株式会社藤龍', 'https://toranet.jp/office_p/jb_1001/ped_01/la_12/46821919/'
'株式会社リンケージ', 'https://toranet.jp/office_p/jb_1001/ped_01/la_10/46792552/'
'株式会社J.G.コーポレーション', 'https://toranet.jp/office_p/jb_1001/ped_01/la_10/46823561/'
'株式会社ヒト･コミュニケーションズ', 'https://toranet.jp/office_p/jb_1002/ped_01/la_10/46864565/'
'株式会社藤田建装', 'https://toranet.jp/office_p/jb_1004/ped_01/la_10/46779494/'
'株式会社リジョイスカンパニー', 'https://toranet.jp/office_p/jb_1001/ped_01/la_10/46841609/'
'株式会社大京', 'https://toranet.jp/office_p/jb_1001/ped_01/la_10/46838638/'
'NIKKO TOYS JAPAN株式会社', 'https://toranet.jp/office_p/jb_1001/ped_01/la_10/46831447/'
'株式会社ライクス', 'https://toranet.jp/office_p/jb_1001/ped_01/la_10/46787307/'
'■セイング株式会社', 'https://toranet.jp/office_p/jb_1003/ped_01/la_10/46866329/'
'株式会社電通マネジメントサービス', 'https://toranet.jp/office_p/jb_1001/ped_01/la_10/46864625/'
'株式会社ＪＡＹＲＯ-Ｚ(ジャイロジー)', 'https://toranet.jp/office_p/jb_1004/ped_01/la_10/46819323/'
'ASKUL LOGIST株式会社', 'https://toranet.jp/office_p/jb_1005/ped_01/la_12/46869543/'
'浅香法律事務所', 'https://toranet.jp/office_p/jb_1001/ped_01/la_10/46917202/'
'ライフハウジング株式会社', 'https://toranet.jp/office_p/jb_1001/ped_01/la_10/46903294/'
'田中公認会計士事務所', 'https://toranet.jp/office_p/jb_1001/ped_01/la_10/46762740/'
'東京ネオプリント株式会社', 'https://toranet.jp/office_p/jb_1004/ped_01/la_10/46899682/'
'株式会社バンテージィ　城北', 'https://toranet.jp/office_p/jb_1001/ped_01/la_10/46808340/'
'株式会社DBS', 'https://toranet.jp/office_p/jb_1004/ped_01/la_10/46790197/'
'株式会社シルバー商会', 'https://toranet.jp/office_p/jb_1004/ped_01/la_10/46868676/'
'株式会社ベルテクノ', 'https://toranet.jp/office_p/jb_1003/ped_01/la_13/46930056/'
'アイコミュニケーションズ株式会社', 'https://toranet.jp/office_p/jb_1001/ped_01/la_14/46807318/'
'株式会社サークランド', 'https://toranet.jp/office_p/jb_1014/ped_01/la_10/46920562/'
'株式会社てんとうむし', 'https://toranet.jp/office_p/jb_1001/ped_01/la_10/46818898/'
'マンパワーグループ株式会社', 'https://toranet.jp/office_p/jb_1014/ped_01/la_10/46829205/'
'TATRAS JAPAN株式会社', 'https://toranet.jp/office_p/jb_1004/ped_01/la_10/46772946/'
'株式会社　クリーンテックエージェンシー', 'https://toranet.jp/office_p/jb_1001/ped_01/la_13/46859362/'
'株式会社西武商会', 'https://toranet.jp/office_p/jb_1001/ped_01/la_10/46911367/'
